brooaida,2
brooaddi,7
dubehenr,8
walldani,9
rolaquen,10
walkmadi,9
haywakai,9
fitzelan,7
mccamich,12
angukeat,2
willolyv,9
demimatt,10
powelevi,12
bennpipe,12
streabbe,2
stregeor,11
luchchas,2
rutlemma,12
palmjara,10
wrigjaco,2
falcjuli,2
glenwill,11
brittris,10
deviandr,12
freydyll,8
richmiri,10
joneevan,10
wriglewi,12
pettchas,10
dejeluca,12
colclevi,2
garrtyru,11
alkhraya,10
serijack,12
lawrjack,10
vagnalis,11
hatcemme,11
verrjame,8
elizwalt,2
headjane,1
headjosi,1
hodghenr,3
jennelij,2
stepkhyr,3
mcfamave,2
conreliz,3
harrceli,3
murrjale,2
oshiorio,2
sulldyla,2
jenktris,2
harpcasi,1
asiekevi,1
watsiyah,1
nichrhet,11
keanlucy,10
martthad,8
madnmary,1
colbquen,1
fumualle,1
hornluke,1
mcclfran,1
gearnoah,1
pinacart,1
compelio,1
fostmatt,1
alieetha,1
alpegabr,2
siddeema,1
andeelij,1
skinkaia,1
smitcall,1
cobboliv,1
dentskyl,1
sincaust,1
leeZbran,1
rosinich,1
bryajain,1
myerluke,1
dakelege,1
iodirach,1
claxzahi,1
allematt,1
pounlatr,1
medaanee,1
allagrey,1
piscscot,1
robiwill,1
shansank,1
vauglevi,1
sayymuba,1
jonetyle,1
vurashre,1
seatgray,1
shoonath,1
janariaZ,1
crosisab,1
wilkjayc,1
dostchri,1
elsnchri,1
wallchri,1
barrsaul,1
harrayde,1
eversydn,1
forrjaxx,1
jackryan,1
browanni,1
kelljasp,1
kelljack,1
deliliam,1
mackpaul,2
leimaddi,2
akerdavi,2
andeknox,2
broobran,2
lopesamu,2
sylvkhyr,2
jonekimo,2
dayZaver,2
robeaida,2
farhmana,2
cogasamu,2
davichlo,2
kellwyat,2
pippjame,2
durlgrif,2
edwaluca,2
parkregi,2
regoanto,2
byerroma,2
morgkase,2
martgene,2
greedevi,2
greexavi,2
ozmeella,2
cabraler,2
willizai,2
slomlevi,2
freeharl,2
easlevan,2
easlelij,2
spramake,2
criskars,2
gonznath,2
sellthom,2
claxjohn,2
currjose,2
mcleedwa,2
wegeloga,2
crawpres,2
morgemer,2
longjaco,2
rembandr,2
bachlaur,2
holmarch,2
modikiaa,2
colwmaso,2
balakavi,2
lonamaxw,2
hallatla,2
shacjohn,2
woodwarr,2
westanto,2
roblkell,2
chrialiy,2
fitzalan,2
spaihenr,2
radeaban,2
beltcart,2
malevict,2
moormaso,2
feltdaws,2
smitrome,2
jameabig,2
singviva,2
readadel,2
pachkaid,2
nelsalar,2
cartelij,2
hendzane,2
grayadam,2
heuscamd,2
troswade,2
watkwade,2
morrcame,1
bricjaxo,1
johnjosh,1
jonelela,1
dempadam,1
evanhend,1
webbisaZ,1
broochri,1
belljohn,1
fordaugu,1
gordseba,1
rollcair,1
gardamia,1
charchlo,1
mccaadon,1
poweaubr,1
jackcair,1
turnayde,1
averjord,1
robiraya,1
richazur,1
maysclay,1
jonehina,1
bryaseve,1
hjbklbni,1
fpjbfeec,1
alleaaro,2
goodgabr,2
gisbliam,2
lehmnoah,2
obayjola,2
liuZliha,2
