orzaelli,7
grainata,7
campasaZ,11
weinharp,11
markruth,10
duprconn,11
pollcora,10
waggewan,10
stabholl,11
angukall,10
bryazoeZ,11
hoffbenn,12
gentpark,11
gentrila,7
stinarie,11
delfbeck,9
nealandr,9
medigunn,12
mediharl,12
costmack,12
baddhunt,11
baddsout,12
branelis,12
ayrajohn,10
trumchar,12
dirimich,9
carljame,9
abramorr,11
mahalana,12
attonoah,9
krawlenn,11
pollsamu,12
brankate,13
machrome,11
lindguyZ,12
bamfdecl,11
gibbgabr,11
suitbray,12
suitaddi,12
hunteric,12
knoraria,10
dohZsora,11
moorhuds,11
wrigoliv,11
sloanath,11
mccocald,12
yuZZaubr,11
wiggelis,10
deckjohn,12
laueaide,11
reynjosh,9
cordnoah,9
colejord,10
dziucole,12
wattadam,11
oberjuli,11
burrhold,9
barnbrie,12
wellrhet,10
meishana,13
sulldavi,9
westianZ,9
westarth,11
sellhuds,8
hartcart,12
huntsymo,9
soueahme,10
aguijuli,11
dudlgast,9
martkens,10
foxZhenl,11
stainiko,11
russever,11
kimZella,11
atkischo,12
simorory,10
livielli,12
calcheat,9
sayeelea,9
ferrryle,10
abrichar,11
boulosca,12
daviebro,10
henrcale,8
cabrtris,8
maZZjoce,9
pastpene,10
danihenr,1
connowen,1
johnchan,9
kingannZ,2
kingnaom,2
sandmaxw,3
jonecaro,3
yorkwhit,2
wallceli,3
edwageor,2
smitwill,3
caglcart,11
lesamich,11
teralila,9
delfmila,10
streedyn,10
murpryan,8
goldshai,11
hanZamel,7
olivthom,10
olivedwa,10
bargdani,10
lindthom,9
stonnola,10
branansl,10
mosldare,5
burdelli,11
yosiluke,1
masshuds,1
straneta,1
clemrive,2
petedais,1
dorsalex,2
retcezra,2
lesaelio,2
coffcart,2
freekayd,2
sharryan,2
hamijoli,1
menzdyla,2
mcclyahy,1
andezach,2
farrmaxw,2
chamcale,2
morrpaul,2
dobszand,2
greeanya,2
mgimbgmc,1
hbgihcog,1
nichjaso,1
rozieita,2
simiemel,11
totttrev,11
marsmatt,2
hancstep,12
wickcany,2
hallcapr,2
bootaugu,10
marcgide,11
barijaco,12
mccravaZ,2
rayZkame,2
catrnata,10
